,Buy,Sell,Hols,Firsts,Fridays
0,2000-04-20,2000-04-23,1,0,0
1,2000-04-23,2000-04-26,1,0,0
2,2000-04-30,2000-05-03,1,1,0
3,2000-10-02,2000-10-05,1,0,0
4,2000-12-24,2000-12-27,1,0,0
5,2000-12-25,2000-12-28,1,0,0
6,2000-12-31,2001-01-03,1,1,0
7,2001-04-12,2001-04-15,1,0,0
8,2001-04-15,2001-04-18,1,0,0
9,2001-04-30,2001-05-03,1,1,0
10,2001-12-23,2001-12-26,1,0,0
11,2001-12-24,2001-12-27,1,0,0
12,2001-12-25,2001-12-28,1,0,0
13,2001-12-30,2002-01-02,1,0,0
14,2001-12-31,2002-01-03,1,1,0
15,2002-03-28,2002-03-31,1,0,0
16,2002-03-31,2002-04-03,1,1,0
17,2002-04-30,2002-05-03,1,1,0
18,2002-12-23,2002-12-26,1,0,0
19,2002-12-24,2002-12-27,1,0,0
20,2002-12-25,2002-12-28,1,0,0
21,2002-12-30,2003-01-02,1,0,0
22,2002-12-31,2003-01-03,1,1,0
23,2003-04-17,2003-04-20,1,0,0
24,2003-04-20,2003-04-23,1,0,0
25,2003-04-30,2003-05-03,1,1,0
26,2003-12-23,2003-12-26,1,0,0
27,2003-12-24,2003-12-27,1,0,0
28,2003-12-25,2003-12-28,1,0,0
29,2003-12-30,2004-01-02,1,0,0
30,2003-12-31,2004-01-03,1,1,0
31,2004-04-08,2004-04-11,1,0,0
32,2004-04-11,2004-04-14,1,0,0
33,2004-12-23,2004-12-26,1,0,0
34,2004-12-30,2005-01-02,1,0,0
35,2005-03-24,2005-03-27,1,0,0
36,2005-03-27,2005-03-30,1,0,0
37,2005-12-25,2005-12-28,1,0,0
38,2006-04-13,2006-04-16,1,0,0
39,2006-04-16,2006-04-19,1,0,0
40,2006-04-30,2006-05-03,1,1,0
41,2006-12-24,2006-12-27,1,0,0
42,2006-12-25,2006-12-28,1,0,0
43,2006-12-31,2007-01-03,1,1,0
44,2007-04-05,2007-04-08,1,0,0
45,2007-04-08,2007-04-11,1,0,0
46,2007-04-30,2007-05-03,1,1,0
47,2007-05-27,2007-05-30,1,0,0
48,2007-12-23,2007-12-26,1,0,0
49,2007-12-24,2007-12-27,1,0,0
50,2007-12-25,2007-12-28,1,0,0
51,2007-12-30,2008-01-02,1,0,0
52,2007-12-31,2008-01-03,1,1,0
53,2008-03-20,2008-03-23,1,0,0
54,2008-03-23,2008-03-26,1,0,0
55,2008-04-30,2008-05-03,1,1,0
56,2008-12-23,2008-12-26,1,0,0
57,2008-12-24,2008-12-27,1,0,0
58,2008-12-25,2008-12-28,1,0,0
59,2008-12-30,2009-01-02,1,0,0
60,2008-12-31,2009-01-03,1,1,0
61,2009-04-09,2009-04-12,1,0,0
62,2009-04-12,2009-04-15,1,0,0
63,2009-04-30,2009-05-03,1,1,0
64,2009-12-23,2009-12-26,1,0,0
65,2009-12-24,2009-12-27,1,0,0
66,2009-12-30,2010-01-02,1,0,0
67,2009-12-31,2010-01-03,1,1,0
68,2010-04-01,2010-04-04,1,0,0
69,2010-04-04,2010-04-07,1,0,0
70,2010-12-23,2010-12-26,1,0,0
71,2010-12-30,2011-01-02,1,0,0
72,2011-04-21,2011-04-24,1,0,0
73,2011-04-24,2011-04-27,1,0,0
74,2011-10-02,2011-10-05,1,0,0
75,2011-12-25,2011-12-28,1,0,0
76,2012-04-05,2012-04-08,1,0,0
77,2012-04-08,2012-04-11,1,0,0
78,2012-04-30,2012-05-03,1,1,0
79,2012-10-02,2012-10-05,1,0,0
80,2012-12-23,2012-12-26,1,0,0
81,2012-12-24,2012-12-27,1,0,0
82,2012-12-25,2012-12-28,1,0,0
83,2012-12-30,2013-01-02,1,0,0
84,2012-12-31,2013-01-03,1,1,0
85,2013-03-28,2013-03-31,1,0,0
86,2013-03-31,2013-04-03,1,1,0
87,2013-04-30,2013-05-03,1,1,0
88,2013-10-02,2013-10-05,1,0,0
89,2013-12-23,2013-12-26,1,0,0
90,2013-12-24,2013-12-27,1,0,0
91,2013-12-25,2013-12-28,1,0,0
92,2013-12-30,2014-01-02,1,0,0
93,2013-12-31,2014-01-03,1,1,0
94,2014-04-17,2014-04-20,1,0,0
95,2014-04-20,2014-04-23,1,0,0
96,2014-04-30,2014-05-03,1,1,0
97,2014-10-02,2014-10-05,1,0,0
98,2014-12-23,2014-12-26,1,0,0
99,2014-12-24,2014-12-27,1,0,0
100,2014-12-25,2014-12-28,1,0,0
101,2014-12-30,2015-01-02,1,0,0
102,2014-12-31,2015-01-03,1,1,0
103,2015-04-02,2015-04-05,1,0,0
104,2015-04-05,2015-04-08,1,0,0
105,2015-04-30,2015-05-03,1,1,0
106,2015-05-24,2015-05-27,1,0,0
107,2015-12-23,2015-12-26,1,0,0
108,2015-12-24,2015-12-27,1,0,0
109,2015-12-30,2016-01-02,1,0,0
110,2015-12-31,2016-01-03,1,1,0
111,2016-03-24,2016-03-27,1,0,0
112,2016-03-27,2016-03-30,1,0,0
113,2016-05-15,2016-05-18,1,0,0
114,2016-10-02,2016-10-05,1,0,0
115,2016-12-25,2016-12-28,1,0,0
116,2017-04-13,2017-04-16,1,0,0
117,2017-04-16,2017-04-19,1,0,0
118,2017-04-30,2017-05-03,1,1,0
119,2017-06-04,2017-06-07,1,0,0
120,2017-10-02,2017-10-05,1,0,0
121,2017-10-30,2017-11-02,1,0,0
122,2017-12-24,2017-12-27,1,0,0
123,2017-12-25,2017-12-28,1,0,0
124,2017-12-31,2018-01-03,1,1,0
125,2018-03-29,2018-04-01,1,0,0
126,2018-04-01,2018-04-04,1,0,0
127,2018-04-30,2018-05-03,1,1,0
128,2018-05-20,2018-05-23,1,0,0
129,2018-10-02,2018-10-05,1,0,0
130,2018-12-23,2018-12-26,1,0,0
131,2018-12-24,2018-12-27,1,0,0
132,2018-12-25,2018-12-28,1,0,0
133,2018-12-30,2019-01-02,1,0,0
134,1999-12-31,2000-01-03,0,1,0
135,2000-01-31,2000-02-03,0,1,0
136,2000-02-29,2000-03-03,0,1,0
137,2000-03-31,2000-04-03,0,1,1
138,2000-05-31,2000-06-03,0,1,0
139,2000-06-30,2000-07-03,0,1,1
140,2000-07-31,2000-08-03,0,1,0
141,2000-08-31,2000-09-03,0,1,0
142,2000-09-30,2000-10-03,0,1,0
143,2000-10-31,2000-11-03,0,1,0
144,2000-11-30,2000-12-03,0,1,0
145,2001-01-31,2001-02-03,0,1,0
146,2001-02-28,2001-03-03,0,1,0
147,2001-03-31,2001-04-03,0,1,0
148,2001-05-31,2001-06-03,0,1,0
149,2001-06-30,2001-07-03,0,1,0
150,2001-07-31,2001-08-03,0,1,0
151,2001-08-31,2001-09-03,0,1,1
152,2001-09-30,2001-10-03,0,1,0
153,2001-10-31,2001-11-03,0,1,0
154,2001-11-30,2001-12-03,0,1,1
155,2002-01-31,2002-02-03,0,1,0
156,2002-02-28,2002-03-03,0,1,0
157,2002-05-31,2002-06-03,0,1,1
158,2002-06-30,2002-07-03,0,1,0
159,2002-07-31,2002-08-03,0,1,0
160,2002-08-31,2002-09-03,0,1,0
161,2002-09-30,2002-10-03,0,1,0
162,2002-10-31,2002-11-03,0,1,0
163,2002-11-30,2002-12-03,0,1,0
164,2003-01-31,2003-02-03,0,1,1
165,2003-02-28,2003-03-03,0,1,1
166,2003-03-31,2003-04-03,0,1,0
167,2003-05-31,2003-06-03,0,1,0
168,2003-06-30,2003-07-03,0,1,0
169,2003-07-31,2003-08-03,0,1,0
170,2003-08-31,2003-09-03,0,1,0
171,2003-09-30,2003-10-03,0,1,0
172,2003-10-31,2003-11-03,0,1,1
173,2003-11-30,2003-12-03,0,1,0
174,2004-01-31,2004-02-03,0,1,0
175,2004-02-29,2004-03-03,0,1,0
176,2004-03-31,2004-04-03,0,1,0
177,2004-04-30,2004-05-03,0,1,1
178,2004-05-31,2004-06-03,0,1,0
179,2004-06-30,2004-07-03,0,1,0
180,2004-07-31,2004-08-03,0,1,0
181,2004-08-31,2004-09-03,0,1,0
182,2004-09-30,2004-10-03,0,1,0
183,2004-10-31,2004-11-03,0,1,0
184,2004-11-30,2004-12-03,0,1,0
185,2004-12-31,2005-01-03,0,1,1
186,2005-01-31,2005-02-03,0,1,0
187,2005-02-28,2005-03-03,0,1,0
188,2005-03-31,2005-04-03,0,1,0
189,2005-04-30,2005-05-03,0,1,0
190,2005-05-31,2005-06-03,0,1,0
191,2005-06-30,2005-07-03,0,1,0
192,2005-07-31,2005-08-03,0,1,0
193,2005-08-31,2005-09-03,0,1,0
194,2005-09-30,2005-10-03,0,1,1
195,2005-10-31,2005-11-03,0,1,0
196,2005-11-30,2005-12-03,0,1,0
197,2005-12-31,2006-01-03,0,1,0
198,2006-01-31,2006-02-03,0,1,0
199,2006-02-28,2006-03-03,0,1,0
200,2006-03-31,2006-04-03,0,1,1
201,2006-05-31,2006-06-03,0,1,0
202,2006-06-30,2006-07-03,0,1,1
203,2006-07-31,2006-08-03,0,1,0
204,2006-08-31,2006-09-03,0,1,0
205,2006-09-30,2006-10-03,0,1,0
206,2006-10-31,2006-11-03,0,1,0
207,2006-11-30,2006-12-03,0,1,0
208,2007-01-31,2007-02-03,0,1,0
209,2007-02-28,2007-03-03,0,1,0
210,2007-03-31,2007-04-03,0,1,0
211,2007-05-31,2007-06-03,0,1,0
212,2007-06-30,2007-07-03,0,1,0
213,2007-07-31,2007-08-03,0,1,0
214,2007-08-31,2007-09-03,0,1,1
215,2007-09-30,2007-10-03,0,1,0
216,2007-10-31,2007-11-03,0,1,0
217,2007-11-30,2007-12-03,0,1,1
218,2008-01-31,2008-02-03,0,1,0
219,2008-02-29,2008-03-03,0,1,1
220,2008-03-31,2008-04-03,0,1,0
221,2008-05-31,2008-06-03,0,1,0
222,2008-06-30,2008-07-03,0,1,0
223,2008-07-31,2008-08-03,0,1,0
224,2008-08-31,2008-09-03,0,1,0
225,2008-09-30,2008-10-03,0,1,0
226,2008-10-31,2008-11-03,0,1,1
227,2008-11-30,2008-12-03,0,1,0
228,2009-01-31,2009-02-03,0,1,0
229,2009-02-28,2009-03-03,0,1,0
230,2009-03-31,2009-04-03,0,1,0
231,2009-05-31,2009-06-03,0,1,0
232,2009-06-30,2009-07-03,0,1,0
233,2009-07-31,2009-08-03,0,1,1
234,2009-08-31,2009-09-03,0,1,0
235,2009-09-30,2009-10-03,0,1,0
236,2009-10-31,2009-11-03,0,1,0
237,2009-11-30,2009-12-03,0,1,0
238,2010-01-31,2010-02-03,0,1,0
239,2010-02-28,2010-03-03,0,1,0
240,2010-03-31,2010-04-03,0,1,0
241,2010-04-30,2010-05-03,0,1,1
242,2010-05-31,2010-06-03,0,1,0
243,2010-06-30,2010-07-03,0,1,0
244,2010-07-31,2010-08-03,0,1,0
245,2010-08-31,2010-09-03,0,1,0
246,2010-09-30,2010-10-03,0,1,0
247,2010-10-31,2010-11-03,0,1,0
248,2010-11-30,2010-12-03,0,1,0
249,2010-12-31,2011-01-03,0,1,1
250,2011-01-31,2011-02-03,0,1,0
251,2011-02-28,2011-03-03,0,1,0
252,2011-03-31,2011-04-03,0,1,0
253,2011-04-30,2011-05-03,0,1,0
254,2011-05-31,2011-06-03,0,1,0
255,2011-06-30,2011-07-03,0,1,0
256,2011-07-31,2011-08-03,0,1,0
257,2011-08-31,2011-09-03,0,1,0
258,2011-09-30,2011-10-03,0,1,1
259,2011-10-31,2011-11-03,0,1,0
260,2011-11-30,2011-12-03,0,1,0
261,2011-12-31,2012-01-03,0,1,0
262,2012-01-31,2012-02-03,0,1,0
263,2012-02-29,2012-03-03,0,1,0
264,2012-03-31,2012-04-03,0,1,0
265,2012-05-31,2012-06-03,0,1,0
266,2012-06-30,2012-07-03,0,1,0
267,2012-07-31,2012-08-03,0,1,0
268,2012-08-31,2012-09-03,0,1,1
269,2012-09-30,2012-10-03,0,1,0
270,2012-10-31,2012-11-03,0,1,0
271,2012-11-30,2012-12-03,0,1,1
272,2013-01-31,2013-02-03,0,1,0
273,2013-02-28,2013-03-03,0,1,0
274,2013-05-31,2013-06-03,0,1,1
275,2013-06-30,2013-07-03,0,1,0
276,2013-07-31,2013-08-03,0,1,0
277,2013-08-31,2013-09-03,0,1,0
278,2013-09-30,2013-10-03,0,1,0
279,2013-10-31,2013-11-03,0,1,0
280,2013-11-30,2013-12-03,0,1,0
281,2014-01-31,2014-02-03,0,1,1
282,2014-02-28,2014-03-03,0,1,1
283,2014-03-31,2014-04-03,0,1,0
284,2014-05-31,2014-06-03,0,1,0
285,2014-06-30,2014-07-03,0,1,0
286,2014-07-31,2014-08-03,0,1,0
287,2014-08-31,2014-09-03,0,1,0
288,2014-09-30,2014-10-03,0,1,0
289,2014-10-31,2014-11-03,0,1,1
290,2014-11-30,2014-12-03,0,1,0
291,2015-01-31,2015-02-03,0,1,0
292,2015-02-28,2015-03-03,0,1,0
293,2015-03-31,2015-04-03,0,1,0
294,2015-05-31,2015-06-03,0,1,0
295,2015-06-30,2015-07-03,0,1,0
296,2015-07-31,2015-08-03,0,1,1
297,2015-08-31,2015-09-03,0,1,0
298,2015-09-30,2015-10-03,0,1,0
299,2015-10-31,2015-11-03,0,1,0
300,2015-11-30,2015-12-03,0,1,0
301,2016-01-31,2016-02-03,0,1,0
302,2016-02-29,2016-03-03,0,1,0
303,2016-03-31,2016-04-03,0,1,0
304,2016-04-30,2016-05-03,0,1,0
305,2016-05-31,2016-06-03,0,1,0
306,2016-06-30,2016-07-03,0,1,0
307,2016-07-31,2016-08-03,0,1,0
308,2016-08-31,2016-09-03,0,1,0
309,2016-09-30,2016-10-03,0,1,1
310,2016-10-31,2016-11-03,0,1,0
311,2016-11-30,2016-12-03,0,1,0
312,2016-12-31,2017-01-03,0,1,0
313,2017-01-31,2017-02-03,0,1,0
314,2017-02-28,2017-03-03,0,1,0
315,2017-03-31,2017-04-03,0,1,1
316,2017-05-31,2017-06-03,0,1,0
317,2017-06-30,2017-07-03,0,1,1
318,2017-07-31,2017-08-03,0,1,0
319,2017-08-31,2017-09-03,0,1,0
320,2017-09-30,2017-10-03,0,1,0
321,2017-10-31,2017-11-03,0,1,0
322,2017-11-30,2017-12-03,0,1,0
323,2018-01-31,2018-02-03,0,1,0
324,2018-02-28,2018-03-03,0,1,0
325,2018-03-31,2018-04-03,0,1,0
326,2018-05-31,2018-06-03,0,1,0
327,2018-06-30,2018-07-03,0,1,0
328,2018-07-31,2018-08-03,0,1,0
329,2018-08-31,2018-09-03,0,1,1
330,2018-09-30,2018-10-03,0,1,0
331,2018-10-31,2018-11-03,0,1,0
332,2018-11-30,2018-12-03,0,1,1
333,2018-12-31,2019-01-03,0,1,0
334,2000-01-07,2000-01-10,0,0,1
335,2000-01-14,2000-01-17,0,0,1
336,2000-01-21,2000-01-24,0,0,1
337,2000-01-28,2000-01-31,0,0,1
338,2000-02-04,2000-02-07,0,0,1
339,2000-02-11,2000-02-14,0,0,1
340,2000-02-18,2000-02-21,0,0,1
341,2000-02-25,2000-02-28,0,0,1
342,2000-03-03,2000-03-06,0,0,1
343,2000-03-10,2000-03-13,0,0,1
344,2000-03-17,2000-03-20,0,0,1
345,2000-03-24,2000-03-27,0,0,1
346,2000-04-07,2000-04-10,0,0,1
347,2000-04-14,2000-04-17,0,0,1
348,2000-04-21,2000-04-24,0,0,1
349,2000-04-28,2000-05-01,0,0,1
350,2000-05-05,2000-05-08,0,0,1
351,2000-05-12,2000-05-15,0,0,1
352,2000-05-19,2000-05-22,0,0,1
353,2000-05-26,2000-05-29,0,0,1
354,2000-06-02,2000-06-05,0,0,1
355,2000-06-09,2000-06-12,0,0,1
356,2000-06-16,2000-06-19,0,0,1
357,2000-06-23,2000-06-26,0,0,1
358,2000-07-07,2000-07-10,0,0,1
359,2000-07-14,2000-07-17,0,0,1
360,2000-07-21,2000-07-24,0,0,1
361,2000-07-28,2000-07-31,0,0,1
362,2000-08-04,2000-08-07,0,0,1
363,2000-08-11,2000-08-14,0,0,1
364,2000-08-18,2000-08-21,0,0,1
365,2000-08-25,2000-08-28,0,0,1
366,2000-09-01,2000-09-04,0,0,1
367,2000-09-08,2000-09-11,0,0,1
368,2000-09-15,2000-09-18,0,0,1
369,2000-09-22,2000-09-25,0,0,1
370,2000-09-29,2000-10-02,0,0,1
371,2000-10-06,2000-10-09,0,0,1
372,2000-10-13,2000-10-16,0,0,1
373,2000-10-20,2000-10-23,0,0,1
374,2000-10-27,2000-10-30,0,0,1
375,2000-11-03,2000-11-06,0,0,1
376,2000-11-10,2000-11-13,0,0,1
377,2000-11-17,2000-11-20,0,0,1
378,2000-11-24,2000-11-27,0,0,1
379,2000-12-01,2000-12-04,0,0,1
380,2000-12-08,2000-12-11,0,0,1
381,2000-12-15,2000-12-18,0,0,1
382,2000-12-22,2000-12-25,0,0,1
383,2000-12-29,2001-01-01,0,0,1
384,2001-01-05,2001-01-08,0,0,1
385,2001-01-12,2001-01-15,0,0,1
386,2001-01-19,2001-01-22,0,0,1
387,2001-01-26,2001-01-29,0,0,1
388,2001-02-02,2001-02-05,0,0,1
389,2001-02-09,2001-02-12,0,0,1
390,2001-02-16,2001-02-19,0,0,1
391,2001-02-23,2001-02-26,0,0,1
392,2001-03-02,2001-03-05,0,0,1
393,2001-03-09,2001-03-12,0,0,1
394,2001-03-16,2001-03-19,0,0,1
395,2001-03-23,2001-03-26,0,0,1
396,2001-03-30,2001-04-02,0,0,1
397,2001-04-06,2001-04-09,0,0,1
398,2001-04-13,2001-04-16,0,0,1
399,2001-04-20,2001-04-23,0,0,1
400,2001-04-27,2001-04-30,0,0,1
401,2001-05-04,2001-05-07,0,0,1
402,2001-05-11,2001-05-14,0,0,1
403,2001-05-18,2001-05-21,0,0,1
404,2001-05-25,2001-05-28,0,0,1
405,2001-06-01,2001-06-04,0,0,1
406,2001-06-08,2001-06-11,0,0,1
407,2001-06-15,2001-06-18,0,0,1
408,2001-06-22,2001-06-25,0,0,1
409,2001-06-29,2001-07-02,0,0,1
410,2001-07-06,2001-07-09,0,0,1
411,2001-07-13,2001-07-16,0,0,1
412,2001-07-20,2001-07-23,0,0,1
413,2001-07-27,2001-07-30,0,0,1
414,2001-08-03,2001-08-06,0,0,1
415,2001-08-10,2001-08-13,0,0,1
416,2001-08-17,2001-08-20,0,0,1
417,2001-08-24,2001-08-27,0,0,1
418,2001-09-07,2001-09-10,0,0,1
419,2001-09-14,2001-09-17,0,0,1
420,2001-09-21,2001-09-24,0,0,1
421,2001-09-28,2001-10-01,0,0,1
422,2001-10-05,2001-10-08,0,0,1
423,2001-10-12,2001-10-15,0,0,1
424,2001-10-19,2001-10-22,0,0,1
425,2001-10-26,2001-10-29,0,0,1
426,2001-11-02,2001-11-05,0,0,1
427,2001-11-09,2001-11-12,0,0,1
428,2001-11-16,2001-11-19,0,0,1
429,2001-11-23,2001-11-26,0,0,1
430,2001-12-07,2001-12-10,0,0,1
431,2001-12-14,2001-12-17,0,0,1
432,2001-12-21,2001-12-24,0,0,1
433,2001-12-28,2001-12-31,0,0,1
434,2002-01-04,2002-01-07,0,0,1
435,2002-01-11,2002-01-14,0,0,1
436,2002-01-18,2002-01-21,0,0,1
437,2002-01-25,2002-01-28,0,0,1
438,2002-02-01,2002-02-04,0,0,1
439,2002-02-08,2002-02-11,0,0,1
440,2002-02-15,2002-02-18,0,0,1
441,2002-02-22,2002-02-25,0,0,1
442,2002-03-01,2002-03-04,0,0,1
443,2002-03-08,2002-03-11,0,0,1
444,2002-03-15,2002-03-18,0,0,1
445,2002-03-22,2002-03-25,0,0,1
446,2002-03-29,2002-04-01,0,0,1
447,2002-04-05,2002-04-08,0,0,1
448,2002-04-12,2002-04-15,0,0,1
449,2002-04-19,2002-04-22,0,0,1
450,2002-04-26,2002-04-29,0,0,1
451,2002-05-03,2002-05-06,0,0,1
452,2002-05-10,2002-05-13,0,0,1
453,2002-05-17,2002-05-20,0,0,1
454,2002-05-24,2002-05-27,0,0,1
455,2002-06-07,2002-06-10,0,0,1
456,2002-06-14,2002-06-17,0,0,1
457,2002-06-21,2002-06-24,0,0,1
458,2002-06-28,2002-07-01,0,0,1
459,2002-07-05,2002-07-08,0,0,1
460,2002-07-12,2002-07-15,0,0,1
461,2002-07-19,2002-07-22,0,0,1
462,2002-07-26,2002-07-29,0,0,1
463,2002-08-02,2002-08-05,0,0,1
464,2002-08-09,2002-08-12,0,0,1
465,2002-08-16,2002-08-19,0,0,1
466,2002-08-23,2002-08-26,0,0,1
467,2002-08-30,2002-09-02,0,0,1
468,2002-09-06,2002-09-09,0,0,1
469,2002-09-13,2002-09-16,0,0,1
470,2002-09-20,2002-09-23,0,0,1
471,2002-09-27,2002-09-30,0,0,1
472,2002-10-04,2002-10-07,0,0,1
473,2002-10-11,2002-10-14,0,0,1
474,2002-10-18,2002-10-21,0,0,1
475,2002-10-25,2002-10-28,0,0,1
476,2002-11-01,2002-11-04,0,0,1
477,2002-11-08,2002-11-11,0,0,1
478,2002-11-15,2002-11-18,0,0,1
479,2002-11-22,2002-11-25,0,0,1
480,2002-11-29,2002-12-02,0,0,1
481,2002-12-06,2002-12-09,0,0,1
482,2002-12-13,2002-12-16,0,0,1
483,2002-12-20,2002-12-23,0,0,1
484,2002-12-27,2002-12-30,0,0,1
485,2003-01-03,2003-01-06,0,0,1
486,2003-01-10,2003-01-13,0,0,1
487,2003-01-17,2003-01-20,0,0,1
488,2003-01-24,2003-01-27,0,0,1
489,2003-02-07,2003-02-10,0,0,1
490,2003-02-14,2003-02-17,0,0,1
491,2003-02-21,2003-02-24,0,0,1
492,2003-03-07,2003-03-10,0,0,1
493,2003-03-14,2003-03-17,0,0,1
494,2003-03-21,2003-03-24,0,0,1
495,2003-03-28,2003-03-31,0,0,1
496,2003-04-04,2003-04-07,0,0,1
497,2003-04-11,2003-04-14,0,0,1
498,2003-04-18,2003-04-21,0,0,1
499,2003-04-25,2003-04-28,0,0,1
500,2003-05-02,2003-05-05,0,0,1
501,2003-05-09,2003-05-12,0,0,1
502,2003-05-16,2003-05-19,0,0,1
503,2003-05-23,2003-05-26,0,0,1
504,2003-05-30,2003-06-02,0,0,1
505,2003-06-06,2003-06-09,0,0,1
506,2003-06-13,2003-06-16,0,0,1
507,2003-06-20,2003-06-23,0,0,1
508,2003-06-27,2003-06-30,0,0,1
509,2003-07-04,2003-07-07,0,0,1
510,2003-07-11,2003-07-14,0,0,1
511,2003-07-18,2003-07-21,0,0,1
512,2003-07-25,2003-07-28,0,0,1
513,2003-08-01,2003-08-04,0,0,1
514,2003-08-08,2003-08-11,0,0,1
515,2003-08-15,2003-08-18,0,0,1
516,2003-08-22,2003-08-25,0,0,1
517,2003-08-29,2003-09-01,0,0,1
518,2003-09-05,2003-09-08,0,0,1
519,2003-09-12,2003-09-15,0,0,1
520,2003-09-19,2003-09-22,0,0,1
521,2003-09-26,2003-09-29,0,0,1
522,2003-10-03,2003-10-06,0,0,1
523,2003-10-10,2003-10-13,0,0,1
524,2003-10-17,2003-10-20,0,0,1
525,2003-10-24,2003-10-27,0,0,1
526,2003-11-07,2003-11-10,0,0,1
527,2003-11-14,2003-11-17,0,0,1
528,2003-11-21,2003-11-24,0,0,1
529,2003-11-28,2003-12-01,0,0,1
530,2003-12-05,2003-12-08,0,0,1
531,2003-12-12,2003-12-15,0,0,1
532,2003-12-19,2003-12-22,0,0,1
533,2003-12-26,2003-12-29,0,0,1
534,2004-01-02,2004-01-05,0,0,1
535,2004-01-09,2004-01-12,0,0,1
536,2004-01-16,2004-01-19,0,0,1
537,2004-01-23,2004-01-26,0,0,1
538,2004-01-30,2004-02-02,0,0,1
539,2004-02-06,2004-02-09,0,0,1
540,2004-02-13,2004-02-16,0,0,1
541,2004-02-20,2004-02-23,0,0,1
542,2004-02-27,2004-03-01,0,0,1
543,2004-03-05,2004-03-08,0,0,1
544,2004-03-12,2004-03-15,0,0,1
545,2004-03-19,2004-03-22,0,0,1
546,2004-03-26,2004-03-29,0,0,1
547,2004-04-02,2004-04-05,0,0,1
548,2004-04-09,2004-04-12,0,0,1
549,2004-04-16,2004-04-19,0,0,1
550,2004-04-23,2004-04-26,0,0,1
551,2004-05-07,2004-05-10,0,0,1
552,2004-05-14,2004-05-17,0,0,1
553,2004-05-21,2004-05-24,0,0,1
554,2004-05-28,2004-05-31,0,0,1
555,2004-06-04,2004-06-07,0,0,1
556,2004-06-11,2004-06-14,0,0,1
557,2004-06-18,2004-06-21,0,0,1
558,2004-06-25,2004-06-28,0,0,1
559,2004-07-02,2004-07-05,0,0,1
560,2004-07-09,2004-07-12,0,0,1
561,2004-07-16,2004-07-19,0,0,1
562,2004-07-23,2004-07-26,0,0,1
563,2004-07-30,2004-08-02,0,0,1
564,2004-08-06,2004-08-09,0,0,1
565,2004-08-13,2004-08-16,0,0,1
566,2004-08-20,2004-08-23,0,0,1
567,2004-08-27,2004-08-30,0,0,1
568,2004-09-03,2004-09-06,0,0,1
569,2004-09-10,2004-09-13,0,0,1
570,2004-09-17,2004-09-20,0,0,1
571,2004-09-24,2004-09-27,0,0,1
572,2004-10-01,2004-10-04,0,0,1
573,2004-10-08,2004-10-11,0,0,1
574,2004-10-15,2004-10-18,0,0,1
575,2004-10-22,2004-10-25,0,0,1
576,2004-10-29,2004-11-01,0,0,1
577,2004-11-05,2004-11-08,0,0,1
578,2004-11-12,2004-11-15,0,0,1
579,2004-11-19,2004-11-22,0,0,1
580,2004-11-26,2004-11-29,0,0,1
581,2004-12-03,2004-12-06,0,0,1
582,2004-12-10,2004-12-13,0,0,1
583,2004-12-17,2004-12-20,0,0,1
584,2004-12-24,2004-12-27,0,0,1
585,2005-01-07,2005-01-10,0,0,1
586,2005-01-14,2005-01-17,0,0,1
587,2005-01-21,2005-01-24,0,0,1
588,2005-01-28,2005-01-31,0,0,1
589,2005-02-04,2005-02-07,0,0,1
590,2005-02-11,2005-02-14,0,0,1
591,2005-02-18,2005-02-21,0,0,1
592,2005-02-25,2005-02-28,0,0,1
593,2005-03-04,2005-03-07,0,0,1
594,2005-03-11,2005-03-14,0,0,1
595,2005-03-18,2005-03-21,0,0,1
596,2005-03-25,2005-03-28,0,0,1
597,2005-04-01,2005-04-04,0,0,1
598,2005-04-08,2005-04-11,0,0,1
599,2005-04-15,2005-04-18,0,0,1
600,2005-04-22,2005-04-25,0,0,1
601,2005-04-29,2005-05-02,0,0,1
602,2005-05-06,2005-05-09,0,0,1
603,2005-05-13,2005-05-16,0,0,1
604,2005-05-20,2005-05-23,0,0,1
605,2005-05-27,2005-05-30,0,0,1
606,2005-06-03,2005-06-06,0,0,1
607,2005-06-10,2005-06-13,0,0,1
608,2005-06-17,2005-06-20,0,0,1
609,2005-06-24,2005-06-27,0,0,1
610,2005-07-01,2005-07-04,0,0,1
611,2005-07-08,2005-07-11,0,0,1
612,2005-07-15,2005-07-18,0,0,1
613,2005-07-22,2005-07-25,0,0,1
614,2005-07-29,2005-08-01,0,0,1
615,2005-08-05,2005-08-08,0,0,1
616,2005-08-12,2005-08-15,0,0,1
617,2005-08-19,2005-08-22,0,0,1
618,2005-08-26,2005-08-29,0,0,1
619,2005-09-02,2005-09-05,0,0,1
620,2005-09-09,2005-09-12,0,0,1
621,2005-09-16,2005-09-19,0,0,1
622,2005-09-23,2005-09-26,0,0,1
623,2005-10-07,2005-10-10,0,0,1
624,2005-10-14,2005-10-17,0,0,1
625,2005-10-21,2005-10-24,0,0,1
626,2005-10-28,2005-10-31,0,0,1
627,2005-11-04,2005-11-07,0,0,1
628,2005-11-11,2005-11-14,0,0,1
629,2005-11-18,2005-11-21,0,0,1
630,2005-11-25,2005-11-28,0,0,1
631,2005-12-02,2005-12-05,0,0,1
632,2005-12-09,2005-12-12,0,0,1
633,2005-12-16,2005-12-19,0,0,1
634,2005-12-23,2005-12-26,0,0,1
635,2005-12-30,2006-01-02,0,0,1
636,2006-01-06,2006-01-09,0,0,1
637,2006-01-13,2006-01-16,0,0,1
638,2006-01-20,2006-01-23,0,0,1
639,2006-01-27,2006-01-30,0,0,1
640,2006-02-03,2006-02-06,0,0,1
641,2006-02-10,2006-02-13,0,0,1
642,2006-02-17,2006-02-20,0,0,1
643,2006-02-24,2006-02-27,0,0,1
644,2006-03-03,2006-03-06,0,0,1
645,2006-03-10,2006-03-13,0,0,1
646,2006-03-17,2006-03-20,0,0,1
647,2006-03-24,2006-03-27,0,0,1
648,2006-04-07,2006-04-10,0,0,1
649,2006-04-14,2006-04-17,0,0,1
650,2006-04-21,2006-04-24,0,0,1
651,2006-04-28,2006-05-01,0,0,1
652,2006-05-05,2006-05-08,0,0,1
653,2006-05-12,2006-05-15,0,0,1
654,2006-05-19,2006-05-22,0,0,1
655,2006-05-26,2006-05-29,0,0,1
656,2006-06-02,2006-06-05,0,0,1
657,2006-06-09,2006-06-12,0,0,1
658,2006-06-16,2006-06-19,0,0,1
659,2006-06-23,2006-06-26,0,0,1
660,2006-07-07,2006-07-10,0,0,1
661,2006-07-14,2006-07-17,0,0,1
662,2006-07-21,2006-07-24,0,0,1
663,2006-07-28,2006-07-31,0,0,1
664,2006-08-04,2006-08-07,0,0,1
665,2006-08-11,2006-08-14,0,0,1
666,2006-08-18,2006-08-21,0,0,1
667,2006-08-25,2006-08-28,0,0,1
668,2006-09-01,2006-09-04,0,0,1
669,2006-09-08,2006-09-11,0,0,1
670,2006-09-15,2006-09-18,0,0,1
671,2006-09-22,2006-09-25,0,0,1
672,2006-09-29,2006-10-02,0,0,1
673,2006-10-06,2006-10-09,0,0,1
674,2006-10-13,2006-10-16,0,0,1
675,2006-10-20,2006-10-23,0,0,1
676,2006-10-27,2006-10-30,0,0,1
677,2006-11-03,2006-11-06,0,0,1
678,2006-11-10,2006-11-13,0,0,1
679,2006-11-17,2006-11-20,0,0,1
680,2006-11-24,2006-11-27,0,0,1
681,2006-12-01,2006-12-04,0,0,1
682,2006-12-08,2006-12-11,0,0,1
683,2006-12-15,2006-12-18,0,0,1
684,2006-12-22,2006-12-25,0,0,1
685,2006-12-29,2007-01-01,0,0,1
686,2007-01-05,2007-01-08,0,0,1
687,2007-01-12,2007-01-15,0,0,1
688,2007-01-19,2007-01-22,0,0,1
689,2007-01-26,2007-01-29,0,0,1
690,2007-02-02,2007-02-05,0,0,1
691,2007-02-09,2007-02-12,0,0,1
692,2007-02-16,2007-02-19,0,0,1
693,2007-02-23,2007-02-26,0,0,1
694,2007-03-02,2007-03-05,0,0,1
695,2007-03-09,2007-03-12,0,0,1
696,2007-03-16,2007-03-19,0,0,1
697,2007-03-23,2007-03-26,0,0,1
698,2007-03-30,2007-04-02,0,0,1
699,2007-04-06,2007-04-09,0,0,1
700,2007-04-13,2007-04-16,0,0,1
701,2007-04-20,2007-04-23,0,0,1
702,2007-04-27,2007-04-30,0,0,1
703,2007-05-04,2007-05-07,0,0,1
704,2007-05-11,2007-05-14,0,0,1
705,2007-05-18,2007-05-21,0,0,1
706,2007-05-25,2007-05-28,0,0,1
707,2007-06-01,2007-06-04,0,0,1
708,2007-06-08,2007-06-11,0,0,1
709,2007-06-15,2007-06-18,0,0,1
710,2007-06-22,2007-06-25,0,0,1
711,2007-06-29,2007-07-02,0,0,1
712,2007-07-06,2007-07-09,0,0,1
713,2007-07-13,2007-07-16,0,0,1
714,2007-07-20,2007-07-23,0,0,1
715,2007-07-27,2007-07-30,0,0,1
716,2007-08-03,2007-08-06,0,0,1
717,2007-08-10,2007-08-13,0,0,1
718,2007-08-17,2007-08-20,0,0,1
719,2007-08-24,2007-08-27,0,0,1
720,2007-09-07,2007-09-10,0,0,1
721,2007-09-14,2007-09-17,0,0,1
722,2007-09-21,2007-09-24,0,0,1
723,2007-09-28,2007-10-01,0,0,1
724,2007-10-05,2007-10-08,0,0,1
725,2007-10-12,2007-10-15,0,0,1
726,2007-10-19,2007-10-22,0,0,1
727,2007-10-26,2007-10-29,0,0,1
728,2007-11-02,2007-11-05,0,0,1
729,2007-11-09,2007-11-12,0,0,1
730,2007-11-16,2007-11-19,0,0,1
731,2007-11-23,2007-11-26,0,0,1
732,2007-12-07,2007-12-10,0,0,1
733,2007-12-14,2007-12-17,0,0,1
734,2007-12-21,2007-12-24,0,0,1
735,2007-12-28,2007-12-31,0,0,1
736,2008-01-04,2008-01-07,0,0,1
737,2008-01-11,2008-01-14,0,0,1
738,2008-01-18,2008-01-21,0,0,1
739,2008-01-25,2008-01-28,0,0,1
740,2008-02-01,2008-02-04,0,0,1
741,2008-02-08,2008-02-11,0,0,1
742,2008-02-15,2008-02-18,0,0,1
743,2008-02-22,2008-02-25,0,0,1
744,2008-03-07,2008-03-10,0,0,1
745,2008-03-14,2008-03-17,0,0,1
746,2008-03-21,2008-03-24,0,0,1
747,2008-03-28,2008-03-31,0,0,1
748,2008-04-04,2008-04-07,0,0,1
749,2008-04-11,2008-04-14,0,0,1
750,2008-04-18,2008-04-21,0,0,1
751,2008-04-25,2008-04-28,0,0,1
752,2008-05-02,2008-05-05,0,0,1
753,2008-05-09,2008-05-12,0,0,1
754,2008-05-16,2008-05-19,0,0,1
755,2008-05-23,2008-05-26,0,0,1
756,2008-05-30,2008-06-02,0,0,1
757,2008-06-06,2008-06-09,0,0,1
758,2008-06-13,2008-06-16,0,0,1
759,2008-06-20,2008-06-23,0,0,1
760,2008-06-27,2008-06-30,0,0,1
761,2008-07-04,2008-07-07,0,0,1
762,2008-07-11,2008-07-14,0,0,1
763,2008-07-18,2008-07-21,0,0,1
764,2008-07-25,2008-07-28,0,0,1
765,2008-08-01,2008-08-04,0,0,1
766,2008-08-08,2008-08-11,0,0,1
767,2008-08-15,2008-08-18,0,0,1
768,2008-08-22,2008-08-25,0,0,1
769,2008-08-29,2008-09-01,0,0,1
770,2008-09-05,2008-09-08,0,0,1
771,2008-09-12,2008-09-15,0,0,1
772,2008-09-19,2008-09-22,0,0,1
773,2008-09-26,2008-09-29,0,0,1
774,2008-10-03,2008-10-06,0,0,1
775,2008-10-10,2008-10-13,0,0,1
776,2008-10-17,2008-10-20,0,0,1
777,2008-10-24,2008-10-27,0,0,1
778,2008-11-07,2008-11-10,0,0,1
779,2008-11-14,2008-11-17,0,0,1
780,2008-11-21,2008-11-24,0,0,1
781,2008-11-28,2008-12-01,0,0,1
782,2008-12-05,2008-12-08,0,0,1
783,2008-12-12,2008-12-15,0,0,1
784,2008-12-19,2008-12-22,0,0,1
785,2008-12-26,2008-12-29,0,0,1
786,2009-01-02,2009-01-05,0,0,1
787,2009-01-09,2009-01-12,0,0,1
788,2009-01-16,2009-01-19,0,0,1
789,2009-01-23,2009-01-26,0,0,1
790,2009-01-30,2009-02-02,0,0,1
791,2009-02-06,2009-02-09,0,0,1
792,2009-02-13,2009-02-16,0,0,1
793,2009-02-20,2009-02-23,0,0,1
794,2009-02-27,2009-03-02,0,0,1
795,2009-03-06,2009-03-09,0,0,1
796,2009-03-13,2009-03-16,0,0,1
797,2009-03-20,2009-03-23,0,0,1
798,2009-03-27,2009-03-30,0,0,1
799,2009-04-03,2009-04-06,0,0,1
800,2009-04-10,2009-04-13,0,0,1
801,2009-04-17,2009-04-20,0,0,1
802,2009-04-24,2009-04-27,0,0,1
803,2009-05-01,2009-05-04,0,0,1
804,2009-05-08,2009-05-11,0,0,1
805,2009-05-15,2009-05-18,0,0,1
806,2009-05-22,2009-05-25,0,0,1
807,2009-05-29,2009-06-01,0,0,1
808,2009-06-05,2009-06-08,0,0,1
809,2009-06-12,2009-06-15,0,0,1
810,2009-06-19,2009-06-22,0,0,1
811,2009-06-26,2009-06-29,0,0,1
812,2009-07-03,2009-07-06,0,0,1
813,2009-07-10,2009-07-13,0,0,1
814,2009-07-17,2009-07-20,0,0,1
815,2009-07-24,2009-07-27,0,0,1
816,2009-08-07,2009-08-10,0,0,1
817,2009-08-14,2009-08-17,0,0,1
818,2009-08-21,2009-08-24,0,0,1
819,2009-08-28,2009-08-31,0,0,1
820,2009-09-04,2009-09-07,0,0,1
821,2009-09-11,2009-09-14,0,0,1
822,2009-09-18,2009-09-21,0,0,1
823,2009-09-25,2009-09-28,0,0,1
824,2009-10-02,2009-10-05,0,0,1
825,2009-10-09,2009-10-12,0,0,1
826,2009-10-16,2009-10-19,0,0,1
827,2009-10-23,2009-10-26,0,0,1
828,2009-10-30,2009-11-02,0,0,1
829,2009-11-06,2009-11-09,0,0,1
830,2009-11-13,2009-11-16,0,0,1
831,2009-11-20,2009-11-23,0,0,1
832,2009-11-27,2009-11-30,0,0,1
833,2009-12-04,2009-12-07,0,0,1
834,2009-12-11,2009-12-14,0,0,1
835,2009-12-18,2009-12-21,0,0,1
836,2009-12-25,2009-12-28,0,0,1
837,2010-01-01,2010-01-04,0,0,1
838,2010-01-08,2010-01-11,0,0,1
839,2010-01-15,2010-01-18,0,0,1
840,2010-01-22,2010-01-25,0,0,1
841,2010-01-29,2010-02-01,0,0,1
842,2010-02-05,2010-02-08,0,0,1
843,2010-02-12,2010-02-15,0,0,1
844,2010-02-19,2010-02-22,0,0,1
845,2010-02-26,2010-03-01,0,0,1
846,2010-03-05,2010-03-08,0,0,1
847,2010-03-12,2010-03-15,0,0,1
848,2010-03-19,2010-03-22,0,0,1
849,2010-03-26,2010-03-29,0,0,1
850,2010-04-02,2010-04-05,0,0,1
851,2010-04-09,2010-04-12,0,0,1
852,2010-04-16,2010-04-19,0,0,1
853,2010-04-23,2010-04-26,0,0,1
854,2010-05-07,2010-05-10,0,0,1
855,2010-05-14,2010-05-17,0,0,1
856,2010-05-21,2010-05-24,0,0,1
857,2010-05-28,2010-05-31,0,0,1
858,2010-06-04,2010-06-07,0,0,1
859,2010-06-11,2010-06-14,0,0,1
860,2010-06-18,2010-06-21,0,0,1
861,2010-06-25,2010-06-28,0,0,1
862,2010-07-02,2010-07-05,0,0,1
863,2010-07-09,2010-07-12,0,0,1
864,2010-07-16,2010-07-19,0,0,1
865,2010-07-23,2010-07-26,0,0,1
866,2010-07-30,2010-08-02,0,0,1
867,2010-08-06,2010-08-09,0,0,1
868,2010-08-13,2010-08-16,0,0,1
869,2010-08-20,2010-08-23,0,0,1
870,2010-08-27,2010-08-30,0,0,1
871,2010-09-03,2010-09-06,0,0,1
872,2010-09-10,2010-09-13,0,0,1
873,2010-09-17,2010-09-20,0,0,1
874,2010-09-24,2010-09-27,0,0,1
875,2010-10-01,2010-10-04,0,0,1
876,2010-10-08,2010-10-11,0,0,1
877,2010-10-15,2010-10-18,0,0,1
878,2010-10-22,2010-10-25,0,0,1
879,2010-10-29,2010-11-01,0,0,1
880,2010-11-05,2010-11-08,0,0,1
881,2010-11-12,2010-11-15,0,0,1
882,2010-11-19,2010-11-22,0,0,1
883,2010-11-26,2010-11-29,0,0,1
884,2010-12-03,2010-12-06,0,0,1
885,2010-12-10,2010-12-13,0,0,1
886,2010-12-17,2010-12-20,0,0,1
887,2010-12-24,2010-12-27,0,0,1
888,2011-01-07,2011-01-10,0,0,1
889,2011-01-14,2011-01-17,0,0,1
890,2011-01-21,2011-01-24,0,0,1
891,2011-01-28,2011-01-31,0,0,1
892,2011-02-04,2011-02-07,0,0,1
893,2011-02-11,2011-02-14,0,0,1
894,2011-02-18,2011-02-21,0,0,1
895,2011-02-25,2011-02-28,0,0,1
896,2011-03-04,2011-03-07,0,0,1
897,2011-03-11,2011-03-14,0,0,1
898,2011-03-18,2011-03-21,0,0,1
899,2011-03-25,2011-03-28,0,0,1
900,2011-04-01,2011-04-04,0,0,1
901,2011-04-08,2011-04-11,0,0,1
902,2011-04-15,2011-04-18,0,0,1
903,2011-04-22,2011-04-25,0,0,1
904,2011-04-29,2011-05-02,0,0,1
905,2011-05-06,2011-05-09,0,0,1
906,2011-05-13,2011-05-16,0,0,1
907,2011-05-20,2011-05-23,0,0,1
908,2011-05-27,2011-05-30,0,0,1
909,2011-06-03,2011-06-06,0,0,1
910,2011-06-10,2011-06-13,0,0,1
911,2011-06-17,2011-06-20,0,0,1
912,2011-06-24,2011-06-27,0,0,1
913,2011-07-01,2011-07-04,0,0,1
914,2011-07-08,2011-07-11,0,0,1
915,2011-07-15,2011-07-18,0,0,1
916,2011-07-22,2011-07-25,0,0,1
917,2011-07-29,2011-08-01,0,0,1
918,2011-08-05,2011-08-08,0,0,1
919,2011-08-12,2011-08-15,0,0,1
920,2011-08-19,2011-08-22,0,0,1
921,2011-08-26,2011-08-29,0,0,1
922,2011-09-02,2011-09-05,0,0,1
923,2011-09-09,2011-09-12,0,0,1
924,2011-09-16,2011-09-19,0,0,1
925,2011-09-23,2011-09-26,0,0,1
926,2011-10-07,2011-10-10,0,0,1
927,2011-10-14,2011-10-17,0,0,1
928,2011-10-21,2011-10-24,0,0,1
929,2011-10-28,2011-10-31,0,0,1
930,2011-11-04,2011-11-07,0,0,1
931,2011-11-11,2011-11-14,0,0,1
932,2011-11-18,2011-11-21,0,0,1
933,2011-11-25,2011-11-28,0,0,1
934,2011-12-02,2011-12-05,0,0,1
935,2011-12-09,2011-12-12,0,0,1
936,2011-12-16,2011-12-19,0,0,1
937,2011-12-23,2011-12-26,0,0,1
938,2011-12-30,2012-01-02,0,0,1
939,2012-01-06,2012-01-09,0,0,1
940,2012-01-13,2012-01-16,0,0,1
941,2012-01-20,2012-01-23,0,0,1
942,2012-01-27,2012-01-30,0,0,1
943,2012-02-03,2012-02-06,0,0,1
944,2012-02-10,2012-02-13,0,0,1
945,2012-02-17,2012-02-20,0,0,1
946,2012-02-24,2012-02-27,0,0,1
947,2012-03-02,2012-03-05,0,0,1
948,2012-03-09,2012-03-12,0,0,1
949,2012-03-16,2012-03-19,0,0,1
950,2012-03-23,2012-03-26,0,0,1
951,2012-03-30,2012-04-02,0,0,1
952,2012-04-06,2012-04-09,0,0,1
953,2012-04-13,2012-04-16,0,0,1
954,2012-04-20,2012-04-23,0,0,1
955,2012-04-27,2012-04-30,0,0,1
956,2012-05-04,2012-05-07,0,0,1
957,2012-05-11,2012-05-14,0,0,1
958,2012-05-18,2012-05-21,0,0,1
959,2012-05-25,2012-05-28,0,0,1
960,2012-06-01,2012-06-04,0,0,1
961,2012-06-08,2012-06-11,0,0,1
962,2012-06-15,2012-06-18,0,0,1
963,2012-06-22,2012-06-25,0,0,1
964,2012-06-29,2012-07-02,0,0,1
965,2012-07-06,2012-07-09,0,0,1
966,2012-07-13,2012-07-16,0,0,1
967,2012-07-20,2012-07-23,0,0,1
968,2012-07-27,2012-07-30,0,0,1
969,2012-08-03,2012-08-06,0,0,1
970,2012-08-10,2012-08-13,0,0,1
971,2012-08-17,2012-08-20,0,0,1
972,2012-08-24,2012-08-27,0,0,1
973,2012-09-07,2012-09-10,0,0,1
974,2012-09-14,2012-09-17,0,0,1
975,2012-09-21,2012-09-24,0,0,1
976,2012-09-28,2012-10-01,0,0,1
977,2012-10-05,2012-10-08,0,0,1
978,2012-10-12,2012-10-15,0,0,1
979,2012-10-19,2012-10-22,0,0,1
980,2012-10-26,2012-10-29,0,0,1
981,2012-11-02,2012-11-05,0,0,1
982,2012-11-09,2012-11-12,0,0,1
983,2012-11-16,2012-11-19,0,0,1
984,2012-11-23,2012-11-26,0,0,1
985,2012-12-07,2012-12-10,0,0,1
986,2012-12-14,2012-12-17,0,0,1
987,2012-12-21,2012-12-24,0,0,1
988,2012-12-28,2012-12-31,0,0,1
989,2013-01-04,2013-01-07,0,0,1
990,2013-01-11,2013-01-14,0,0,1
991,2013-01-18,2013-01-21,0,0,1
992,2013-01-25,2013-01-28,0,0,1
993,2013-02-01,2013-02-04,0,0,1
994,2013-02-08,2013-02-11,0,0,1
995,2013-02-15,2013-02-18,0,0,1
996,2013-02-22,2013-02-25,0,0,1
997,2013-03-01,2013-03-04,0,0,1
998,2013-03-08,2013-03-11,0,0,1
999,2013-03-15,2013-03-18,0,0,1
1000,2013-03-22,2013-03-25,0,0,1
1001,2013-03-29,2013-04-01,0,0,1
1002,2013-04-05,2013-04-08,0,0,1
1003,2013-04-12,2013-04-15,0,0,1
1004,2013-04-19,2013-04-22,0,0,1
1005,2013-04-26,2013-04-29,0,0,1
1006,2013-05-03,2013-05-06,0,0,1
1007,2013-05-10,2013-05-13,0,0,1
1008,2013-05-17,2013-05-20,0,0,1
1009,2013-05-24,2013-05-27,0,0,1
1010,2013-06-07,2013-06-10,0,0,1
1011,2013-06-14,2013-06-17,0,0,1
1012,2013-06-21,2013-06-24,0,0,1
1013,2013-06-28,2013-07-01,0,0,1
1014,2013-07-05,2013-07-08,0,0,1
1015,2013-07-12,2013-07-15,0,0,1
1016,2013-07-19,2013-07-22,0,0,1
1017,2013-07-26,2013-07-29,0,0,1
1018,2013-08-02,2013-08-05,0,0,1
1019,2013-08-09,2013-08-12,0,0,1
1020,2013-08-16,2013-08-19,0,0,1
1021,2013-08-23,2013-08-26,0,0,1
1022,2013-08-30,2013-09-02,0,0,1
1023,2013-09-06,2013-09-09,0,0,1
1024,2013-09-13,2013-09-16,0,0,1
1025,2013-09-20,2013-09-23,0,0,1
1026,2013-09-27,2013-09-30,0,0,1
1027,2013-10-04,2013-10-07,0,0,1
1028,2013-10-11,2013-10-14,0,0,1
1029,2013-10-18,2013-10-21,0,0,1
1030,2013-10-25,2013-10-28,0,0,1
1031,2013-11-01,2013-11-04,0,0,1
1032,2013-11-08,2013-11-11,0,0,1
1033,2013-11-15,2013-11-18,0,0,1
1034,2013-11-22,2013-11-25,0,0,1
1035,2013-11-29,2013-12-02,0,0,1
1036,2013-12-06,2013-12-09,0,0,1
1037,2013-12-13,2013-12-16,0,0,1
1038,2013-12-20,2013-12-23,0,0,1
1039,2013-12-27,2013-12-30,0,0,1
1040,2014-01-03,2014-01-06,0,0,1
1041,2014-01-10,2014-01-13,0,0,1
1042,2014-01-17,2014-01-20,0,0,1
1043,2014-01-24,2014-01-27,0,0,1
1044,2014-02-07,2014-02-10,0,0,1
1045,2014-02-14,2014-02-17,0,0,1
1046,2014-02-21,2014-02-24,0,0,1
1047,2014-03-07,2014-03-10,0,0,1
1048,2014-03-14,2014-03-17,0,0,1
1049,2014-03-21,2014-03-24,0,0,1
1050,2014-03-28,2014-03-31,0,0,1
1051,2014-04-04,2014-04-07,0,0,1
1052,2014-04-11,2014-04-14,0,0,1
1053,2014-04-18,2014-04-21,0,0,1
1054,2014-04-25,2014-04-28,0,0,1
1055,2014-05-02,2014-05-05,0,0,1
1056,2014-05-09,2014-05-12,0,0,1
1057,2014-05-16,2014-05-19,0,0,1
1058,2014-05-23,2014-05-26,0,0,1
1059,2014-05-30,2014-06-02,0,0,1
1060,2014-06-06,2014-06-09,0,0,1
1061,2014-06-13,2014-06-16,0,0,1
1062,2014-06-20,2014-06-23,0,0,1
1063,2014-06-27,2014-06-30,0,0,1
1064,2014-07-04,2014-07-07,0,0,1
1065,2014-07-11,2014-07-14,0,0,1
1066,2014-07-18,2014-07-21,0,0,1
1067,2014-07-25,2014-07-28,0,0,1
1068,2014-08-01,2014-08-04,0,0,1
1069,2014-08-08,2014-08-11,0,0,1
1070,2014-08-15,2014-08-18,0,0,1
1071,2014-08-22,2014-08-25,0,0,1
1072,2014-08-29,2014-09-01,0,0,1
1073,2014-09-05,2014-09-08,0,0,1
1074,2014-09-12,2014-09-15,0,0,1
1075,2014-09-19,2014-09-22,0,0,1
1076,2014-09-26,2014-09-29,0,0,1
1077,2014-10-03,2014-10-06,0,0,1
1078,2014-10-10,2014-10-13,0,0,1
1079,2014-10-17,2014-10-20,0,0,1
1080,2014-10-24,2014-10-27,0,0,1
1081,2014-11-07,2014-11-10,0,0,1
1082,2014-11-14,2014-11-17,0,0,1
1083,2014-11-21,2014-11-24,0,0,1
1084,2014-11-28,2014-12-01,0,0,1
1085,2014-12-05,2014-12-08,0,0,1
1086,2014-12-12,2014-12-15,0,0,1
1087,2014-12-19,2014-12-22,0,0,1
1088,2014-12-26,2014-12-29,0,0,1
1089,2015-01-02,2015-01-05,0,0,1
1090,2015-01-09,2015-01-12,0,0,1
1091,2015-01-16,2015-01-19,0,0,1
1092,2015-01-23,2015-01-26,0,0,1
1093,2015-01-30,2015-02-02,0,0,1
1094,2015-02-06,2015-02-09,0,0,1
1095,2015-02-13,2015-02-16,0,0,1
1096,2015-02-20,2015-02-23,0,0,1
1097,2015-02-27,2015-03-02,0,0,1
1098,2015-03-06,2015-03-09,0,0,1
1099,2015-03-13,2015-03-16,0,0,1
1100,2015-03-20,2015-03-23,0,0,1
1101,2015-03-27,2015-03-30,0,0,1
1102,2015-04-03,2015-04-06,0,0,1
1103,2015-04-10,2015-04-13,0,0,1
1104,2015-04-17,2015-04-20,0,0,1
1105,2015-04-24,2015-04-27,0,0,1
1106,2015-05-01,2015-05-04,0,0,1
1107,2015-05-08,2015-05-11,0,0,1
1108,2015-05-15,2015-05-18,0,0,1
1109,2015-05-22,2015-05-25,0,0,1
1110,2015-05-29,2015-06-01,0,0,1
1111,2015-06-05,2015-06-08,0,0,1
1112,2015-06-12,2015-06-15,0,0,1
1113,2015-06-19,2015-06-22,0,0,1
1114,2015-06-26,2015-06-29,0,0,1
1115,2015-07-03,2015-07-06,0,0,1
1116,2015-07-10,2015-07-13,0,0,1
1117,2015-07-17,2015-07-20,0,0,1
1118,2015-07-24,2015-07-27,0,0,1
1119,2015-08-07,2015-08-10,0,0,1
1120,2015-08-14,2015-08-17,0,0,1
1121,2015-08-21,2015-08-24,0,0,1
1122,2015-08-28,2015-08-31,0,0,1
1123,2015-09-04,2015-09-07,0,0,1
1124,2015-09-11,2015-09-14,0,0,1
1125,2015-09-18,2015-09-21,0,0,1
1126,2015-09-25,2015-09-28,0,0,1
1127,2015-10-02,2015-10-05,0,0,1
1128,2015-10-09,2015-10-12,0,0,1
1129,2015-10-16,2015-10-19,0,0,1
1130,2015-10-23,2015-10-26,0,0,1
1131,2015-10-30,2015-11-02,0,0,1
1132,2015-11-06,2015-11-09,0,0,1
1133,2015-11-13,2015-11-16,0,0,1
1134,2015-11-20,2015-11-23,0,0,1
1135,2015-11-27,2015-11-30,0,0,1
1136,2015-12-04,2015-12-07,0,0,1
1137,2015-12-11,2015-12-14,0,0,1
1138,2015-12-18,2015-12-21,0,0,1
1139,2015-12-25,2015-12-28,0,0,1
1140,2016-01-01,2016-01-04,0,0,1
1141,2016-01-08,2016-01-11,0,0,1
1142,2016-01-15,2016-01-18,0,0,1
1143,2016-01-22,2016-01-25,0,0,1
1144,2016-01-29,2016-02-01,0,0,1
1145,2016-02-05,2016-02-08,0,0,1
1146,2016-02-12,2016-02-15,0,0,1
1147,2016-02-19,2016-02-22,0,0,1
1148,2016-02-26,2016-02-29,0,0,1
1149,2016-03-04,2016-03-07,0,0,1
1150,2016-03-11,2016-03-14,0,0,1
1151,2016-03-18,2016-03-21,0,0,1
1152,2016-03-25,2016-03-28,0,0,1
1153,2016-04-01,2016-04-04,0,0,1
1154,2016-04-08,2016-04-11,0,0,1
1155,2016-04-15,2016-04-18,0,0,1
1156,2016-04-22,2016-04-25,0,0,1
1157,2016-04-29,2016-05-02,0,0,1
1158,2016-05-06,2016-05-09,0,0,1
1159,2016-05-13,2016-05-16,0,0,1
1160,2016-05-20,2016-05-23,0,0,1
1161,2016-05-27,2016-05-30,0,0,1
1162,2016-06-03,2016-06-06,0,0,1
1163,2016-06-10,2016-06-13,0,0,1
1164,2016-06-17,2016-06-20,0,0,1
1165,2016-06-24,2016-06-27,0,0,1
1166,2016-07-01,2016-07-04,0,0,1
1167,2016-07-08,2016-07-11,0,0,1
1168,2016-07-15,2016-07-18,0,0,1
1169,2016-07-22,2016-07-25,0,0,1
1170,2016-07-29,2016-08-01,0,0,1
1171,2016-08-05,2016-08-08,0,0,1
1172,2016-08-12,2016-08-15,0,0,1
1173,2016-08-19,2016-08-22,0,0,1
1174,2016-08-26,2016-08-29,0,0,1
1175,2016-09-02,2016-09-05,0,0,1
1176,2016-09-09,2016-09-12,0,0,1
1177,2016-09-16,2016-09-19,0,0,1
1178,2016-09-23,2016-09-26,0,0,1
1179,2016-10-07,2016-10-10,0,0,1
1180,2016-10-14,2016-10-17,0,0,1
1181,2016-10-21,2016-10-24,0,0,1
1182,2016-10-28,2016-10-31,0,0,1
1183,2016-11-04,2016-11-07,0,0,1
1184,2016-11-11,2016-11-14,0,0,1
1185,2016-11-18,2016-11-21,0,0,1
1186,2016-11-25,2016-11-28,0,0,1
1187,2016-12-02,2016-12-05,0,0,1
1188,2016-12-09,2016-12-12,0,0,1
1189,2016-12-16,2016-12-19,0,0,1
1190,2016-12-23,2016-12-26,0,0,1
1191,2016-12-30,2017-01-02,0,0,1
1192,2017-01-06,2017-01-09,0,0,1
1193,2017-01-13,2017-01-16,0,0,1
1194,2017-01-20,2017-01-23,0,0,1
1195,2017-01-27,2017-01-30,0,0,1
1196,2017-02-03,2017-02-06,0,0,1
1197,2017-02-10,2017-02-13,0,0,1
1198,2017-02-17,2017-02-20,0,0,1
1199,2017-02-24,2017-02-27,0,0,1
1200,2017-03-03,2017-03-06,0,0,1
1201,2017-03-10,2017-03-13,0,0,1
1202,2017-03-17,2017-03-20,0,0,1
1203,2017-03-24,2017-03-27,0,0,1
1204,2017-04-07,2017-04-10,0,0,1
1205,2017-04-14,2017-04-17,0,0,1
1206,2017-04-21,2017-04-24,0,0,1
1207,2017-04-28,2017-05-01,0,0,1
1208,2017-05-05,2017-05-08,0,0,1
1209,2017-05-12,2017-05-15,0,0,1
1210,2017-05-19,2017-05-22,0,0,1
1211,2017-05-26,2017-05-29,0,0,1
1212,2017-06-02,2017-06-05,0,0,1
1213,2017-06-09,2017-06-12,0,0,1
1214,2017-06-16,2017-06-19,0,0,1
1215,2017-06-23,2017-06-26,0,0,1
1216,2017-07-07,2017-07-10,0,0,1
1217,2017-07-14,2017-07-17,0,0,1
1218,2017-07-21,2017-07-24,0,0,1
1219,2017-07-28,2017-07-31,0,0,1
1220,2017-08-04,2017-08-07,0,0,1
1221,2017-08-11,2017-08-14,0,0,1
1222,2017-08-18,2017-08-21,0,0,1
1223,2017-08-25,2017-08-28,0,0,1
1224,2017-09-01,2017-09-04,0,0,1
1225,2017-09-08,2017-09-11,0,0,1
1226,2017-09-15,2017-09-18,0,0,1
1227,2017-09-22,2017-09-25,0,0,1
1228,2017-09-29,2017-10-02,0,0,1
1229,2017-10-06,2017-10-09,0,0,1
1230,2017-10-13,2017-10-16,0,0,1
1231,2017-10-20,2017-10-23,0,0,1
1232,2017-10-27,2017-10-30,0,0,1
1233,2017-11-03,2017-11-06,0,0,1
1234,2017-11-10,2017-11-13,0,0,1
1235,2017-11-17,2017-11-20,0,0,1
1236,2017-11-24,2017-11-27,0,0,1
1237,2017-12-01,2017-12-04,0,0,1
1238,2017-12-08,2017-12-11,0,0,1
1239,2017-12-15,2017-12-18,0,0,1
1240,2017-12-22,2017-12-25,0,0,1
1241,2017-12-29,2018-01-01,0,0,1
1242,2018-01-05,2018-01-08,0,0,1
1243,2018-01-12,2018-01-15,0,0,1
1244,2018-01-19,2018-01-22,0,0,1
1245,2018-01-26,2018-01-29,0,0,1
1246,2018-02-02,2018-02-05,0,0,1
1247,2018-02-09,2018-02-12,0,0,1
1248,2018-02-16,2018-02-19,0,0,1
1249,2018-02-23,2018-02-26,0,0,1
1250,2018-03-02,2018-03-05,0,0,1
1251,2018-03-09,2018-03-12,0,0,1
1252,2018-03-16,2018-03-19,0,0,1
1253,2018-03-23,2018-03-26,0,0,1
1254,2018-03-30,2018-04-02,0,0,1
1255,2018-04-06,2018-04-09,0,0,1
1256,2018-04-13,2018-04-16,0,0,1
1257,2018-04-20,2018-04-23,0,0,1
1258,2018-04-27,2018-04-30,0,0,1
1259,2018-05-04,2018-05-07,0,0,1
1260,2018-05-11,2018-05-14,0,0,1
1261,2018-05-18,2018-05-21,0,0,1
1262,2018-05-25,2018-05-28,0,0,1
1263,2018-06-01,2018-06-04,0,0,1
1264,2018-06-08,2018-06-11,0,0,1
1265,2018-06-15,2018-06-18,0,0,1
1266,2018-06-22,2018-06-25,0,0,1
1267,2018-06-29,2018-07-02,0,0,1
1268,2018-07-06,2018-07-09,0,0,1
1269,2018-07-13,2018-07-16,0,0,1
1270,2018-07-20,2018-07-23,0,0,1
1271,2018-07-27,2018-07-30,0,0,1
1272,2018-08-03,2018-08-06,0,0,1
1273,2018-08-10,2018-08-13,0,0,1
1274,2018-08-17,2018-08-20,0,0,1
1275,2018-08-24,2018-08-27,0,0,1
1276,2018-09-07,2018-09-10,0,0,1
1277,2018-09-14,2018-09-17,0,0,1
1278,2018-09-21,2018-09-24,0,0,1
1279,2018-09-28,2018-10-01,0,0,1
1280,2018-10-05,2018-10-08,0,0,1
1281,2018-10-12,2018-10-15,0,0,1
1282,2018-10-19,2018-10-22,0,0,1
1283,2018-10-26,2018-10-29,0,0,1
1284,2018-11-02,2018-11-05,0,0,1
1285,2018-11-09,2018-11-12,0,0,1
1286,2018-11-16,2018-11-19,0,0,1
1287,2018-11-23,2018-11-26,0,0,1
1288,2018-12-07,2018-12-10,0,0,1
1289,2018-12-14,2018-12-17,0,0,1
1290,2018-12-21,2018-12-24,0,0,1
1291,2018-12-28,2018-12-31,0,0,1
